ANN,Nodes,Type,MSE,BETA,AG. MSE,AG. MSE/TE,Coeff.
1,9,tanh,0.45326,0.0,0.45326,0.32955,0.20175
2,11,sigmoid,0.85077,0.65221,0.29531,0.2196,0.10759
3,11,softplus,1.92921,0.943,0.28932,0.22312,0.0187
4,9,tanh,0.43278,0.6575,0.2359,0.16807,0.17088
5,11,sigmoid,0.38498,0.63707,0.16427,0.10779,0.28423
6,12,sigmoid,0.45224,0.78315,0.14035,0.0897,0.21685
